categoria,n_posts,pct_total,vistas_media,vistas_mediana,vistas_std,pct_descuento_medio,rating_medio,pct_con_cupon,fwd_rate
deportes,242,1.1,315.4,306.0,75.9,46.2,4.47,0.525,0.00143
hogar,3435,16.3,312.6,301.0,68.6,46.7,4.51,0.483,0.00124
juguetes,720,3.4,312.8,304.0,66.9,44.4,4.59,0.317,0.001
otra,6910,32.8,311.9,301.0,70.8,45.6,4.49,0.456,0.00123
ropa,1626,7.7,310.6,302.0,68.0,45.0,4.49,0.344,0.00135
salud/belleza,1705,8.1,307.6,298.0,65.1,46.6,4.48,0.475,0.00138
tecnología,6443,30.6,317.3,305.0,69.5,44.8,4.45,0.477,0.00102
